Mô hình,Metric,,,,,,,
,RMSE (mean),MAE (mean),Gaussian NLL,Sigma (mean),Sigma (min),Sigma (max),Coverage 1 sigma,Coverage 2 sigma
bayesian_ridge,0.0062,0.00421,-2.0858,0.12414,0.1146,0.1354,1.0,1.0
ridge,0.00619,0.00421,-2.08809,0.12386,0.11444,0.13494,1.0,1.0
kernel_ridge,0.00703,0.00441,-2.03234,0.14069,0.13108,0.15288,1.0,1.0
extra_trees,0.00268,0.00145,-5.82063,0.00240,0.00109,0.00596,0.87093,0.97464
boosting,0.00293,0.00173,-5.26071,0.00519,0.00373,0.01357,0.94259,0.99365
lightgbm,0.00553,0.00286,-2.20073,0.11069,0.10155,0.12113,1.0,1.0
xgboost,0.002156,0.001137,-3.164541,0.043124,0.040295,0.048475,1.0,1.0
br_boosting_residual,0.003069,0.002132,-4.603272,0.009602,0.009002,0.011961,0.989492,0.999027
br_lgbm_residual,0.00620,0.00421,-2.097716, 0.122674,0.113279,0.133738,1.0,1.0