family,model,status,gaussian_nll,ariel_gll_score,rmse_mean,mae_mean,coverage_1sigma,coverage_2sigma,sigma_mean,train_seconds,message
bayesian,ard,ok,-4.510662898733905,0.18617036238089513,0.0024748722893542727,0.0016760885067133768,0.8279314624111681,0.9580093640987766,0.0028217606333047524,350.77444547100004,
bayesian,bayesian_ridge,ok,-4.118074893602259,0.13364967978654177,0.0035174461698887043,0.002410046452817112,0.8509782033360441,0.9703521357333255,0.004325410444091176,120.84359597299999,
kernel_svm,svr,ok,-3.9433973118642975,0.11027589227420005,0.0043936258589827686,0.0027203740519610355,0.8652147155695641,0.9661973866605972,0.0048470733636639006,17.000121774000036,
kernel_svm,kernel_ridge,ok,-3.775662521562058,0.08783727636518608,0.005168982294227423,0.003284370117965303,0.8972418369381145,0.9656315031812959,0.005946580797973528,19.791304338000373,
linear,lasso,ok,-4.41835625268612,0.173850568150137,0.0025164631706457536,0.0016200201201871023,0.8590563691078709,0.9637852198737878,0.0029844234518528064,7.8470063540000865,
linear,elastic_net,ok,-4.354636950450042,0.16528829594111114,0.0028042894532379434,0.0019139992893021209,0.827356327741458,0.9661647137359868,0.00325223207373151,17.169144434000145,
linear,ridge,ok,-3.6213570067067686,0.06709757724120412,0.0064262879067365055,0.004853044628375867,0.7756035025024426,0.9543804947796191,0.007080435252567535,12.664846464999982,
neighbors,knn,ok,-3.750902136204113,0.08451681040784602,0.005405096479315693,0.003891958142819396,0.8174991536695333,0.9589131922483828,0.005954569338753798,9.211902753999766,
neural,mlp,ok,-3.6046129126812763,0.06488460042849727,0.006352616474129077,0.004667125352140494,0.7727019082829442,0.9593289258382312,0.00702695850451117,135.1205431469998,
